,주유소명,주소,브랜드,휘발유 가격,경유 가격,셀프 여부,세차장 여부,충전소 여부,경정비 여부,편의점 여부,24시간 운영 여부,구,위도,경도
0,(주)보성 세곡주유소,서울 강남구  헌릉로 731 (세곡동),SK에너지,1562,1439,Y,Y,N,N,N,N,강남구,37.4671565,127.1187081
1,자곡셀프주유소,서울 강남구 밤고개로 120 (자곡동),SK에너지,1609,1474,Y,Y,N,N,N,N,강남구,37.4834002,127.1040458
2,방죽주유소,서울 강남구 밤고개로 215 (율현동),GS칼텍스,1617,1499,Y,Y,N,N,N,N,강남구,37.4749926,127.1068866
3,오일프러스 셀프,서울 강남구 남부순환로 2651 (도곡동),SK에너지,1619,1524,Y,Y,N,Y,N,Y,강남구,37.485839,127.0396721
4,HD현대오일뱅크㈜직영 산성셀프주유소,서울 강남구 헌릉로 730,HD현대오일뱅크,1629,1464,Y,Y,N,N,N,N,강남구,37.4665675,127.1190803
5,극동유화㈜ 개나리주유소,서울 강남구 언주로 423 (역삼동),S-OIL,1629,1534,Y,Y,N,Y,N,Y,강남구,37.5000776,127.0385419
6,HD현대오일뱅크㈜직영 도곡셀프주유소,서울 강남구  남부순환로 2718 (도곡2동),HD현대오일뱅크,1629,1554,Y,Y,N,Y,N,N,강남구,37.4854623,127.0432181
7,HD현대오일뱅크㈜직영 유진주유소,서울 강남구 논현로 152 (도곡동),HD현대오일뱅크,1644,1569,N,Y,N,Y,N,N,강남구,37.4874316,127.0399976
8,삼성동주유소,서울 강남구 테헤란로 619 (삼성동),HD현대오일뱅크,1649,1559,Y,Y,N,N,N,N,강남구,37.5098576,127.0651101
9,SK서광주유소,서울 강남구 역삼로 142,SK에너지,1665,1565,Y,Y,N,Y,N,Y,강남구,37.4943424,127.0350915
10,대교셀프주유소,서울 강남구 강남대로 640 (신사동),SK에너지,1690,1628,Y,N,N,N,N,Y,강남구,37.5281292,127.0355537
11,(주)중앙에너비스 수서지점,서울 강남구 광평로 202 (수서동),SK에너지,1695,1557,Y,Y,N,N,N,N,강남구,37.4841053,127.0950401
12,(주)선진도곡주유소,서울 강남구 도곡로 162 (도곡동),S-OIL,1699,1595,N,Y,N,Y,N,N,강남구,37.4878254,127.0466876
13,지에스칼텍스㈜에너지플러스허브GS타워,서울 강남구 논현로 516 (역삼동),GS칼텍스,1719,1689,Y,N,N,Y,N,Y,강남구,37.50270829999999,127.0363956
14,(유)동하석유 힐탑셀프주유소,서울 강남구 논현로 640,SK에너지,1727,1697,Y,Y,N,N,N,Y,강남구,37.5106887,127.0325689
15,대동석유 압구정주유소,서울 강남구 언주로 842 (신사동),SK에너지,1727,1697,Y,Y,N,N,N,Y,강남구,37.5253431,127.0338242
16,SK에너지㈜ 진달래주유소,서울 강남구 도곡로 208,SK에너지,1729,1649,N,Y,N,N,N,N,강남구,37.492295,127.0418598
17,SK에너지(주) 매봉주유소,서울 강남구 언주로 307,SK에너지,1749,1649,Y,Y,N,Y,N,N,강남구,37.4949341,127.0459062
18,에스제이에너지산업(주) 개포주유소,서울 강남구 양재대로 339,GS칼텍스,1798,1678,Y,Y,N,N,N,N,강남구,37.4722409,127.0515134
19,지에스칼텍스㈜ 은마주유소,서울 강남구 영동대로 235,GS칼텍스,1865,1720,N,Y,N,Y,N,Y,강남구,37.5000721,127.0672848
20,HD현대오일뱅크㈜직영 신사현대주유소,서울 강남구 도산대로 163 (신사동),HD현대오일뱅크,1928,1849,N,Y,N,N,N,N,강남구,37.5195205,127.0263171
21,지에스칼텍스(주)학여울주유소,서울 강남구 남부순환로 3170 (일원2동),GS칼텍스,1933,1821,N,Y,N,N,N,N,강남구,37.4946762,127.0778305
22,지에스칼텍스㈜ 삼성로주유소,서울 강남구 삼성로 563 (삼성동),GS칼텍스,1965,1823,Y,Y,N,N,N,Y,강남구,37.51397499999999,127.0561274
23,HD현대오일뱅크㈜직영 한양주유소,서울 강남구 압구정로 302 (신사동),HD현대오일뱅크,2028,1964,N,Y,N,N,N,N,강남구,37.5288681,127.0341046
24,(주)소모 쎈트럴주유소,서울 강남구 삼성로 335,GS칼텍스,2109,1987,N,Y,N,N,N,N,강남구,37.5014209,127.0591408
25,명품주유소,서울 강남구 도곡로 249 (역삼동),S-OIL,2128,2057,Y,Y,N,N,N,Y,강남구,37.4942704,127.0455093
26,대청주유소,서울 강남구 개포로 654 (일원동),SK에너지,2176,2109,N,Y,N,N,N,N,강남구,37.49247370000001,127.085679
27,㈜새서울석유 새서울주유소,서울 강남구 압구정로 154,HD현대오일뱅크,2188,1998,N,Y,N,N,N,Y,강남구,37.525835,127.0265422
28,갤러리아주유소,서울 강남구 압구정로 426,SK에너지,2257,2139,N,Y,N,N,N,N,강남구,37.5267844,127.043539
29,SK논현주유소,서울 강남구 논현로 747 (논현동),SK에너지,2283,2135,N,Y,N,Y,N,Y,강남구,37.5186368,127.028238
30,(주)제이제이네트웍스 제이제이주유소,서울 강남구 언주로 716,HD현대오일뱅크,2398,2197,N,Y,N,N,N,Y,강남구,37.5176472,127.0357349
31,(주)만정에너지 삼보주유소,서울 강남구 봉은사로 433 (삼성동),GS칼텍스,2578,2540,N,Y,N,N,N,N,강남구,37.5115207,127.0471716
32,재건에너지 재정제2주유소 고속셀프지점,서울특별시 강동구  천호대로 1246 (둔촌제2동),HD현대오일뱅크,1579,1429,Y,Y,N,N,N,N,강동구,37.5365133,127.1493588
33,(주)삼표에너지 고덕주유소,서울 강동구 고덕로 39 (암사동),GS칼텍스,1595,1475,Y,Y,N,N,Y,N,강동구,37.555049,127.1297929
34,대성석유(주)길동주유소,서울 강동구 천호대로 1168,GS칼텍스,1596,1498,N,Y,N,N,N,N,강동구,37.5334229,127.1411725
35,(주)소모 신월주유소,서울 강동구 양재대로 1323 (성내동),GS칼텍스,1616,1498,Y,Y,N,N,N,N,강동구,37.5304933,127.128992
36,(주)퍼스트오일 코알라주유소,서울특별시 강동구  올림픽로 556 (성내동),S-OIL,1650,1520,Y,Y,N,N,N,N,강동구,37.5293808,127.1224408
37,지에스칼텍스㈜ 동서울주유소,서울 강동구 천호대로 1456 (상일동),GS칼텍스,1656,1509,Y,Y,N,N,N,N,강동구,37.5511028,127.1696401
38,방아다리주유소,서울 강동구 동남로 811 (명일동),SK에너지,1669,1519,Y,Y,N,N,N,N,강동구,37.5490445,127.1508229
39,(주)소모 성내주유소,서울 강동구 올림픽로 578 (성내동),GS칼텍스,1670,1550,Y,Y,N,Y,N,N,강동구,37.5313782,127.1273286
40,sk해뜨는주유소,서울 강동구  상일로 132 (강일동),SK에너지,1685,1549,Y,Y,N,Y,N,N,강동구,37.5545085,127.1724154
41,주)지유에너지직영 오렌지주유소,서울 강동구 성안로 102 (성내동),SK에너지,1695,1564,N,Y,N,Y,N,N,강동구,37.532314,127.1331781
42,천호현대주유소,서울 강동구 천중로 67 (천호동),HD현대오일뱅크,1799,1697,N,Y,N,Y,N,N,강동구,37.5451331,127.129473
43,광성주유소,서울 강동구 올림픽로 673 (천호동),S-OIL,1898,1798,N,Y,N,Y,N,Y,강동구,37.5416117,127.1241731
44,덕릉로주유소,서울 강북구 덕릉로 158 (번동),S-OIL,1559,1379,Y,Y,N,N,N,N,강북구,37.6349756,127.0313182
45,SK에너지(주) 매일주유소,서울 강북구 삼양로 217 (미아동),SK에너지,1559,1414,Y,Y,N,N,Y,N,강북구,37.6227977,127.0191356
46,㈜지에스이앤알 미아주유소,서울 강북구 도봉로 122 (미아동),GS칼텍스,1559,1379,Y,Y,N,N,N,N,강북구,37.6199964,127.0290304
47,대성석유(주)신광주유소,서울 강북구 삼양로 484,GS칼텍스,1579,1399,N,Y,N,Y,N,N,강북구,37.6464088,127.0153285
48,수유동주유소,서울 강북구 도봉로 395 (수유동),GS칼텍스,1579,1399,Y,Y,N,N,N,Y,강북구,37.6421556,127.0295862
49,북서울고속주유소,서울 강북구 삼양로 410 (수유동),SK에너지,1579,1399,Y,N,N,N,N,Y,강북구,37.6401448,127.017205
50,씨앤에스유통㈜ 미아셀프주유소,서울 강북구 도봉로 200 (미아동),S-OIL,1585,1395,Y,Y,N,N,N,N,강북구,37.6265292,127.0265002
51,HD현대오일뱅크㈜직영 번동셀프주유소,서울 강북구 한천로 963 (번동),HD현대오일뱅크,1587,1417,Y,Y,N,Y,N,Y,강북구,37.6355872,127.0330493
52,세원주유소,서울 강북구 한천로 918 (번동),SK에너지,1598,1418,Y,Y,N,N,N,N,강북구,37.6342596,127.037732
53,에덴주유소,서울 강북구 월계로 195 (번동),SK에너지,1667,1497,Y,Y,N,Y,N,N,강북구,37.6216958,127.0455344
54,목화주유소,서울 강서구 국회대로 251 (화곡동),알뜰주유소,1578,1389,Y,Y,N,N,N,N,강서구,37.5300403,126.8629825
55,지에스칼텍스㈜ 경인고속주유소,서울 강서구 국회대로 225 (화곡동),GS칼텍스,1579,1393,Y,Y,Y,Y,N,Y,강서구,37.5296209,126.859797
56,강서오곡셀프주유소,서울 강서구 벌말로 254 (오곡동),SK에너지,1585,1405,Y,Y,N,N,N,Y,강서구,37.5539622,126.7684275
57,행촌에너지 공항주유소,서울 강서구 개화동로 420 (개화동),HD현대오일뱅크,1585,1405,Y,Y,N,Y,Y,Y,강서구,37.574611,126.8023029
58,스카이주유소,서울 강서구 개화동로 457 (방화동),S-OIL,1585,1405,Y,N,N,N,Y,Y,강서구,37.5714858,126.8043806
59,KH에너지(주)직영 KH외발산주유소,서울 강서구 방화대로 30,SK에너지,1585,1405,Y,Y,Y,Y,Y,N,강서구,37.5434208,126.816863
60,화곡역주유소,서울 강서구 강서로 154 (화곡동),알뜰주유소,1588,1398,Y,N,N,N,N,Y,강서구,37.5407186,126.8415303
61,이케이에너지(주) 강서주유소,서울 강서구 화곡로 273 (화곡동),HD현대오일뱅크,1588,1398,Y,Y,N,Y,N,N,강서구,37.549163,126.8469964
62,현대오일뱅크 등촌주유소,서울 강서구 등촌로 189 (등촌동),HD현대오일뱅크,1596,1466,N,Y,N,N,N,N,강서구,37.546808,126.8625545
63,강서열린주유소,서울 강서구 등촌로 213 (등촌동),GS칼텍스,1598,1468,N,Y,N,N,N,N,강서구,37.54871199999999,126.8630628
64,화곡현대주유소,서울 강서구 강서로 151 (화곡동),SK에너지,1606,1446,Y,Y,N,N,N,Y,강서구,37.5402614,126.8411983
65,HD현대오일뱅크㈜직영 양화교셀프주유소,서울 강서구 공항대로 653,HD현대오일뱅크,1609,1467,Y,Y,N,N,N,N,강서구,37.5473368,126.8774764
66,(주)한진 김포공항주유소,서울 강서구 하늘길 259,S-OIL,1610,1440,Y,Y,N,N,N,N,강서구,37.5507763,126.8155549
67,대성석유(주) 관문주유소,서울 강서구 공항대로 314,GS칼텍스,1616,1488,N,Y,N,Y,N,N,강서구,37.5577232,126.8425243
68,대성석유(주)방화대성주유소,서울 강서구 양천로 176,GS칼텍스,1616,1478,Y,Y,N,N,Y,N,강서구,37.5728815,126.8234821
69,개화주유소,서울 강서구 양천로 57,SK에너지,1617,1437,Y,Y,N,N,N,N,강서구,37.5735014,126.8100943
70,세원제1주유소,서울 강서구 양천로 311 (가양동),SK에너지,1628,1478,Y,Y,N,Y,N,N,강서구,37.5678802,126.8510787
71,SK KH에너지 가양주유소,서울 강서구 강서로 498 (가양동),SK에너지,1628,1478,N,Y,N,Y,Y,Y,강서구,37.5697823,126.8419022
72,신화곡주유소,서울 강서구 국회대로 71,S-OIL,1635,1445,Y,Y,N,N,N,N,강서구,37.5272579,126.8428896
73,대성주유소,서울 강서구 강서로 472,GS칼텍스,1638,1488,N,Y,N,Y,N,N,강서구,37.5675028,126.8414186
74,HD현대오일뱅크㈜직영 가양주유소,서울 강서구  양천로 391 (가양동),HD현대오일뱅크,1658,1528,N,Y,N,N,N,N,강서구,37.5678802,126.8510787
75,박물관주유소,서울 강서구 양천로53길 97 (가양동),GS칼텍스,1688,1538,N,Y,N,Y,Y,N,강서구,37.5657849,126.8451216
76,하이웨이주유소,서울특별시 강서구 공항대로 432(화곡동),S-OIL,1698,1529,Y,Y,N,N,Y,Y,강서구,37.5546677,126.8548053
77,코리나(주)청룡주유소,서울 강서구 양천로 576,SK에너지,1698,1528,N,Y,N,N,N,N,강서구,37.5567325,126.862765
78,참솔에너지,서울 강서구 벌말로 281 (오곡동),S-OIL,1795,1653,Y,Y,N,N,N,N,강서구,37.5562519,126.7684491
79,염창동주유소,서울 강서구 양천로 720 (염창동),SK에너지,1928,1768,N,Y,N,N,N,N,강서구,37.5491113,126.8757906
80,(주)연우에너지 신관주유소,서울 관악구 신림로 290 (신림동),알뜰주유소,1595,1415,Y,Y,N,N,N,N,관악구,37.480413,126.9306665
81,대양석유(주)직영 보라매주유소,서울 관악구  보라매로 26 (봉천동),SK에너지,1599,1419,Y,Y,N,N,N,N,관악구,37.4916874,126.9271603
82,SK에너지(주)직영 대공원주유소,서울 관악구 과천대로 921 (남현동),SK에너지,1625,1505,N,Y,N,Y,Y,N,관악구,37.4728556,126.9821515
83,SK에너지(주) 신봉천,서울 관악구 남부순환로 1880 (봉천동),SK에너지,1625,1505,N,Y,N,N,Y,N,관악구,37.4787572,126.9583432
84,서일석유(주)락성주유소,서울 관악구 남부순환로 1920 (봉천동),GS칼텍스,1625,1515,Y,Y,N,Y,N,Y,관악구,37.47717919999999,126.9623883
85,HD현대오일뱅크㈜직영 문성골주유소,서울 관악구 문성로 97 (신림동),HD현대오일뱅크,1639,1464,N,Y,N,N,N,N,관악구,37.4777941,126.9143022
86,유림주유소,서울 관악구 신림로 176 (신림동),S-OIL,1648,1488,N,Y,N,Y,N,Y,관악구,37.4737247,126.93488
87,(주)한유에너지행운셀프주유소,서울 관악구 남부순환로 1883 (봉천동),SK에너지,1685,1565,Y,Y,N,N,N,N,관악구,37.4791083,126.9591697
88,관악시몬주유소,서울특별시 관악구 남부순환로 1753 (봉천동),S-OIL,1696,1546,N,Y,N,N,N,N,관악구,37.4823585,126.945101
89,CJ대한통운㈜ 신림주유소,서울 관악구 남부순환로 1515 (신림동),GS칼텍스,1738,1588,N,Y,N,N,N,N,관악구,37.4829496,126.9189553
90,HD현대오일뱅크㈜직영 중곡현대주유소,서울 광진구 동일로 435 (중곡동),HD현대오일뱅크,1567,1398,Y,Y,N,N,N,N,광진구,37.56094119999999,127.0957458
91,(주)창원CW,서울 광진구 광나루로 460 (화양동),HD현대오일뱅크,1585,1395,Y,Y,N,N,N,N,광진구,37.5451042,127.0804969
92,HD현대오일뱅크㈜직영 능동주유소,서울 광진구 천호대로 584 (능동),HD현대오일뱅크,1585,1395,Y,Y,N,Y,N,Y,광진구,37.5555551,127.082455
93,HD현대오일뱅크㈜직영 중원셀프주유소,서울 광진구 동일로 398 (중곡동),HD현대오일뱅크,1587,1408,Y,Y,N,N,N,N,광진구,37.56354400000001,127.0888304
94,태양주유소,서울 광진구 동일로 345 (중곡동),HD현대오일뱅크,1594,1394,N,N,N,N,N,Y,광진구,37.56354400000001,127.0888304
95,정해네트웍스(주)일진주유소,서울 광진구 동일로 413 (중곡동),S-OIL,1597,1427,Y,Y,N,N,N,Y,광진구,37.56354400000001,127.0888304
96,(주)장수주유소,서울 광진구 동일로 266 (군자동),SK에너지,1598,1398,Y,N,N,Y,N,Y,광진구,37.5549721,127.0715197
97,HD현대오일뱅크㈜직영 장호셀프주유소,서울 광진구 자양로 37 (자양동),HD현대오일뱅크,1599,1435,Y,Y,N,Y,N,N,광진구,37.5312783,127.0858325
98,삼호주유소,서울 광진구 천호대로 809 (광장동),S-OIL,1697,1497,Y,Y,N,N,N,Y,광진구,37.5456356,127.1037341
99,유니스에너지 자양주유소,서울 광진구 아차산로 298 (자양동),SK에너지,1698,1523,N,Y,N,N,N,Y,광진구,37.531692,127.074516
100,강평주유소,서울 광진구 아차산로 616 (광장동),SK에너지,1757,1597,N,Y,N,N,N,Y,광진구,37.5476119,127.1072051
101,신성주유소,서울 구로구 구로동로 187 (구로제2동),HD현대오일뱅크,1557,1367,Y,Y,N,N,N,N,구로구,37.4951588,126.8823886
102,(주)한미석유구로그린주유소,서울 구로구 구로중앙로 76 (구로동),GS칼텍스,1558,1372,Y,Y,N,Y,N,N,구로구,37.4963064,126.8884444
103,구인주유소,서울 구로구 경인로 558 (구로동),SK에너지,1572,1392,N,Y,N,Y,Y,N,구로구,37.5042779,126.8860944
104,SK구로주유소,서울 구로구 구일로 94 (구로동),SK에너지,1572,1392,N,Y,N,N,N,N,구로구,37.4936018,126.872189
105,남선석유(주)풀페이주유소,서울 구로구 경인로 41 (온수동),S-OIL,1575,1385,Y,Y,N,N,N,N,구로구,37.4903245,126.8256021
106,극동유화(주) 항동주유소,서울 구로구 서해안로 2154 (항동),S-OIL,1585,1395,Y,Y,N,N,N,N,구로구,37.4834391,126.8278279
107,대성산업(주)디큐브주유소,서울 구로구 경인로 650 (신도림동),GS칼텍스,1619,1429,N,N,N,N,N,Y,구로구,37.5078855,126.8870874
108,서서울고속주유소,서울 구로구 경인로 150 (오류동),SK에너지,1619,1429,Y,Y,N,N,N,Y,구로구,37.49167509999999,126.8428418
109,SK에너지(주)직영 개봉동주유소,서울 구로구 경인로 290 (개봉동),SK에너지,1622,1474,N,Y,N,N,N,N,구로구,37.4863899,126.8567675
110,개봉주유소,서울 구로구 고척로 115 (개봉동),HD현대오일뱅크,1627,1447,Y,Y,N,N,N,N,구로구,37.50193720000001,126.8468175
111,HD현대오일뱅크㈜직영 구로셀프주유소,서울 구로구 시흥대로 531,HD현대오일뱅크,1629,1469,Y,Y,N,Y,N,Y,구로구,37.4810027,126.8992662
112,JHC에너지,서울 구로구 시흥대로 539,HD현대오일뱅크,1635,1455,N,N,N,Y,N,N,구로구,37.4815266,126.8998375
113,대원셀프주유소,서울 구로구 개봉로 7,HD현대오일뱅크,1637,1447,Y,Y,N,N,N,N,구로구,37.4861643,126.8561585
114,HD현대오일뱅크㈜직영 신오류주유소,서울 구로구 경인로 161 (오류동),HD현대오일뱅크,1647,1439,N,Y,N,Y,N,N,구로구,37.4913981,126.8398858
115,HD현대오일뱅크㈜직영 신구로주유소,서울 구로구 가마산로 293 (구로동),HD현대오일뱅크,1649,1519,N,Y,N,N,N,N,구로구,37.4975223,126.8924841
116,근린공원주유소,서울 구로구 고척로 199 (고척동),S-OIL,1717,1517,N,Y,N,N,N,N,구로구,37.5051273,126.8554406
117,동아주유소,서울 구로구 도림로 91 (구로동),S-OIL,1898,1598,N,N,N,N,Y,N,구로구,37.4908509,126.8931878
118,구광주유소,서울 금천구 서부샛길 674 (가산동),S-OIL,1585,1395,N,Y,N,N,N,N,금천구,37.4820373,126.8751711
119,(주)화동유업 화동주유소,서울 금천구 시흥대로 484,SK에너지,1594,1414,Y,Y,N,N,N,N,금천구,37.4767974,126.8991596
120,대득에너지(금천셀프주유소),서울 금천구  시흥대로 81 (시흥동),GS칼텍스,1615,1445,Y,Y,N,N,Y,Y,금천구,37.4412805,126.9029246
121,지에스칼텍스(주)일신주유소,서울 금천구 시흥대로 118,GS칼텍스,1620,1435,Y,Y,N,N,N,N,금천구,37.4444739,126.9042657
122,HD현대오일뱅크㈜직영 금천현대셀프주유소,서울 금천구 독산로 147 (시흥동),HD현대오일뱅크,1629,1449,Y,Y,N,N,N,N,금천구,37.460506,126.9045162
123,백산주유소,서울특별시 금천구  시흥대로 174 (시흥동),S-OIL,1635,1445,Y,Y,N,Y,N,N,금천구,37.4496856,126.9029496
124,현대오일뱅크㈜직영 금천제일주유소,서울 금천구 남부순환로 1410 (독산동),HD현대오일뱅크,1647,1474,N,Y,N,N,N,N,금천구,37.4802077,126.9074805
125,SK에너지(주) 이가주유소,서울 금천구 시흥대로 441,SK에너지,1653,1489,N,Y,N,Y,N,N,금천구,37.4730289,126.8979341
126,월계주유소,서울 노원구 월계로 252 (월계동),GS칼텍스,1549,1369,Y,Y,N,Y,N,N,노원구,37.6247784,127.0507659
127,(주)정건에너지직영,서울 노원구 노원로17길 29 (하계동),HD현대오일뱅크,1579,1389,Y,Y,N,N,N,N,노원구,37.642188,127.0703943
128,삼육주유소,서울 노원구 화랑로 822 (공릉동),SK에너지,1595,1395,Y,Y,N,N,N,N,노원구,37.6386379,127.1090597
129,이엠석유(주)배꽃나라주유소,서울 노원구 화랑로 466 (공릉1동),GS칼텍스,1595,1395,Y,Y,N,Y,N,N,노원구,37.6238137,127.0735097
130,화랑대주유소,서울 노원구 화랑로 483,HD현대오일뱅크,1595,1395,Y,Y,N,N,N,N,노원구,37.61957719999999,127.0806305
131,한신주유소,서울 노원구 동일로 1089 (공릉동),S-OIL,1595,1395,Y,Y,N,N,N,N,노원구,37.6304722,127.0909904
132,태릉솔밭주유소,서울 노원구 노원로 49 (공릉동),S-OIL,1595,1425,Y,Y,N,N,N,Y,노원구,37.6259652,127.0855897
133,성북역주유소,서울 노원구 광운로 95 (월계동),GS칼텍스,1598,1428,N,Y,N,N,N,N,노원구,37.625771,127.0599365
134,남선석유(주)구도일주유소 불암,서울 노원구 한글비석로 268 (중계동),S-OIL,1605,1425,Y,Y,N,N,N,N,노원구,37.6513513,127.0772401
135,신성주유소,서울 노원구 월계로 328 (월계동),S-OIL,1618,1458,Y,Y,N,N,N,Y,노원구,37.6287786,127.0573351
136,노원주유소,서울 노원구 동일로 1008 (공릉동),GS칼텍스,1658,1497,N,Y,N,Y,N,N,노원구,37.6304722,127.0909904
137,상계동주유소,서울 노원구 노원로26길 191 (상계동),HD현대오일뱅크,1665,1495,N,N,N,Y,N,N,노원구,37.6583938,127.0711375
138,SK에너지㈜직영 상계주유소,서울 노원구 노해로 527 (상계동),SK에너지,1679,1495,N,Y,N,N,N,N,노원구,37.6559391,127.0664063
139,하계삼호주유소,서울 노원구 공릉로 294 (하계동),GS칼텍스,1745,1493,N,N,N,Y,N,N,노원구,37.6336171,127.0722855
140,이케이에너지 주식회사,서울 도봉구 도봉로 941 (도봉동),HD현대오일뱅크,1531,1345,Y,Y,N,N,N,N,도봉구,37.6884305,127.0453374
141,지에스칼텍스㈜ 도봉주유소,서울 도봉구 도봉로 895 (도봉동),GS칼텍스,1559,1379,Y,Y,Y,Y,N,Y,도봉구,37.6843915,127.0456569
142,지에스칼텍스㈜ 방학동주유소,서울 도봉구 방학로 186,GS칼텍스,1559,1379,Y,Y,N,N,N,Y,도봉구,37.6624108,127.0314758
143,(주)자연에너지 햇살주유소,서울 도봉구 방학로 142 (방학동),HD현대오일뱅크,1559,1379,Y,Y,N,N,N,N,도봉구,37.6630015,127.0363325
144,삼미북부셀프주유소,서울 도봉구 도봉로 437 (쌍문동),SK에너지,1579,1399,Y,Y,N,N,N,Y,도봉구,37.6498293,127.0200197
145,(주)헨지스에너지 구도일주유소 도봉,서울 도봉구 도봉로 706 (방학동),S-OIL,1579,1399,Y,Y,N,Y,N,N,도봉구,37.66686869999999,127.0435303
146,극동유화(주) 대안주유소,서울 도봉구 마들로 574 (창동),S-OIL,1579,1399,Y,Y,N,Y,N,N,도봉구,37.6615155,127.0475247
147,한이에너지(주) 쌍문주유소,서울 도봉구 도봉로 547 (쌍문동),S-OIL,1579,1399,Y,Y,N,Y,N,Y,도봉구,37.65401629999999,127.0375558
148,동일석유(주) 창동주유소,서울 도봉구  도봉로 434 (창동),SK에너지,1597,1407,Y,Y,N,Y,N,N,도봉구,37.6446074,127.0327486
149,노원교주유소,서울 도봉구 마들로 776 (도봉동),HD현대오일뱅크,1625,1433,Y,Y,N,N,N,N,도봉구,37.678983,127.0497224
150,대성산업(주)신창주유소,서울 도봉구 덕릉로 267 (창동),GS칼텍스,1629,1439,Y,Y,N,Y,N,Y,도봉구,37.6413354,127.040236
151,오복주유소,서울 도봉구 방학로 43,S-OIL,1654,1496,Y,Y,N,N,N,Y,도봉구,37.662341,127.0474542
152,(주)쌍문셀프주유소,서울 도봉구 노해로 161 (쌍문동),HD현대오일뱅크,1665,1485,Y,Y,N,N,N,N,도봉구,37.649024,127.02688
153,HD현대오일뱅크㈜직영 영신주유소,서울 도봉구 방학로 151,HD현대오일뱅크,1667,1477,N,Y,N,N,N,N,도봉구,37.6623796,127.0354481
154,재정주유소,서울 동대문구 전농로 121 (전농동),HD현대오일뱅크,1579,1399,Y,Y,N,N,N,N,동대문구,37.5757038,127.0574394
155,재정제2주유소,서울 동대문구 사가정로 90 (전농동),HD현대오일뱅크,1579,1399,Y,Y,N,N,N,N,동대문구,37.5758698,127.0556493
156,풍한주유소,서울 동대문구 안암로 168,SK에너지,1585,1395,N,Y,N,N,N,Y,동대문구,37.5892531,127.0360122
157,삼영주유소,서울 동대문구 답십리로 258 (장안동),SK에너지,1598,1398,N,Y,N,N,N,N,동대문구,37.5723064,127.0688224
158,(주)경동주유소,서울 동대문구 이문로 191 (이문동),S-OIL,1615,1415,Y,Y,N,N,N,N,동대문구,37.603596,127.0617855
159,동서울고속주유소,서울 동대문구 한천로 414,SK에너지,1619,1419,Y,N,N,N,N,Y,동대문구,37.5975419,127.0680331
160,(주)파랑에너지,서울 동대문구 망우로 126,GS칼텍스,1625,1425,Y,Y,N,N,N,N,동대문구,37.5912312,127.067054
161,대성산업㈜청량리주유소,서울 동대문구 왕산로 289 (청량리동),GS칼텍스,1629,1429,Y,Y,Y,N,N,Y,동대문구,37.5814177,127.0450724
162,(주)안국에너지 삼원셀프주유소,서울 동대문구 망우로 90 (휘경동),SK에너지,1638,1448,Y,Y,N,N,N,N,동대문구,37.5901827,127.0632663
163,대성산업(주)동마장주유소,서울 동대문구 고산자로 405 (용두동),GS칼텍스,1639,1439,Y,Y,N,Y,N,Y,동대문구,37.5756916,127.0377503
164,홍능주유소,서울 동대문구 홍릉로 87 (청량리동),S-OIL,1647,1447,N,Y,N,N,N,N,동대문구,37.587938,127.0426612
165,HD현대오일뱅크㈜직영 스피드주유소,서울 동대문구 천호대로 453 (장안동),HD현대오일뱅크,1649,1488,N,Y,N,N,N,Y,동대문구,37.5632059,127.0696316
166,삼미상사(주)장안킹셀프주유소,서울 동대문구  한천로 100 (장안동),SK에너지,1658,1498,Y,Y,N,N,N,N,동대문구,37.5790352,127.0696452
167,배봉로주유소,서울 동대문구 서울시립대로 108,HD현대오일뱅크,1675,1475,Y,Y,N,N,N,N,동대문구,37.5800151,127.0510496
168,창원이엔지주유소,서울 동작구 사당로 59 (상도동),HD현대오일뱅크,1589,1439,Y,Y,N,N,N,N,동작구,37.4948674,126.9613387
169,HD현대오일뱅크㈜직영 사당셀프주유소,서울 동작구 동작대로 73 (사당동),HD현대오일뱅크,1629,1544,Y,Y,N,N,N,Y,동작구,37.4831082,126.9815397
170,지에스칼텍스㈜직영 남성주유소,서울 동작구 동작대로 135 (사당동),GS칼텍스,1634,1524,Y,N,N,N,N,Y,동작구,37.4886815,126.9819661
171,매일주유소,서울 동작구 상도로 139 (상도동),S-OIL,1639,1559,Y,Y,N,N,N,N,동작구,37.5027348,126.9350838
172,HD현대오일뱅크㈜직영 신대방셀프주유소,서울 동작구 시흥대로 616 (신대방동),HD현대오일뱅크,1642,1479,Y,Y,N,Y,N,Y,동작구,37.48712039999999,126.9056444
173,HD현대오일뱅크㈜직영 흑석동셀프주유소,서울 동작구 현충로 101 (흑석동),HD현대오일뱅크,1649,1559,Y,Y,N,N,N,Y,동작구,37.5080132,126.9652693
174,HD현대오일뱅크㈜직영 동작주유소,서울 동작구 상도로 403 (상도동),HD현대오일뱅크,1659,1569,N,Y,N,N,N,N,동작구,37.4934739,126.9565221
175,성산대교셀프주유소,서울 마포구 성산로 144,HD현대오일뱅크,1597,1437,Y,Y,N,Y,N,N,마포구,37.5642985,126.9093474
176,청원주유소,서울 마포구 월드컵북로 113 (성산동),HD현대오일뱅크,1597,1437,Y,Y,N,N,N,N,마포구,37.5628018,126.9150832
177,에쓰오일(주) 염리동주유소,서울 마포구 백범로 126 (염리동),S-OIL,1619,1485,Y,Y,N,N,N,N,마포구,37.5462863,126.9448137
178,(주)만성상사 대흥주유소,서울 마포구 대흥로 61 (대흥동),SK에너지,1639,1505,N,Y,N,N,N,Y,마포구,37.5459548,126.9398991
179,에스에스오토셀프,서울 마포구 서강로 76 (창전동),HD현대오일뱅크,1649,1505,Y,Y,N,N,N,Y,마포구,37.5498337,126.9325724
180,(주)안국에너지 망원동주유소,서울 마포구 월드컵로 119 (망원동),SK에너지,1678,1498,N,Y,N,N,N,N,마포구,37.558782,126.9072526
181,SK에너지(주) 안국주유소,서울 마포구 양화로 33,SK에너지,1719,1624,N,N,N,N,N,Y,마포구,37.5493064,126.9126217
182,SK에너지 양지주유소,서울 마포구 마포대로 69 (도화동),SK에너지,1719,1634,N,N,N,N,Y,Y,마포구,37.5377002,126.946403
183,지에스칼텍스(주)홍제동주유소,서울 서대문구 통일로 372,GS칼텍스,1569,1454,Y,Y,N,N,N,N,서대문구,37.5835495,126.9501318
184,(주)가재울뉴타운주유소,서울 서대문구 모래내로 205,HD현대오일뱅크,1582,1434,Y,N,N,N,Y,Y,서대문구,37.5732673,126.9224318
185,구도일주유소 두꺼비,서울 서대문구 성산로 312,S-OIL,1582,1435,Y,Y,N,Y,N,N,서대문구,37.5660451,126.9249055
186,(주)미래아스팔트 신우주유소,서울 서대문구 가좌로 106(홍은동),S-OIL,1588,1424,Y,Y,N,Y,N,N,서대문구,37.5822656,126.9266001
187,HD현대오일뱅크㈜직영 연세주유소,서울 서대문구 연희로 184,HD현대오일뱅크,1589,1469,Y,Y,N,N,N,N,서대문구,37.5734611,126.935919
188,HD현대오일뱅크㈜직영 독립문주유소,서울 서대문구 통일로 384 (홍제동),HD현대오일뱅크,1589,1486,N,Y,N,N,Y,N,서대문구,37.59317619999999,126.9467313
189,삼미상사(주)서부주유소,서울 서대문구 성산로 255,SK에너지,1627,1464,Y,Y,N,Y,Y,N,서대문구,37.5675895,126.9188473
190,㈜우남에너지 문화사랑주유소,서울 서대문구 세검정로 87 (홍제동),S-OIL,1629,1499,Y,Y,N,N,N,N,서대문구,37.595515,126.9485511
191,중앙에너비스 동교지점,서울 서대문구 연희로 12 (창천동),SK에너지,1635,1465,Y,N,N,N,Y,N,서대문구,37.5587015,126.9342139
192,연희주유소,서울 서대문구 연희로 129 (연희동 89-7번지),SK에너지,1638,1478,N,Y,N,N,Y,N,서대문구,37.569286,126.9325313
193,광호주유소,서울 서대문구 연희로 266 (홍은동),SK에너지,1638,1478,N,Y,N,N,N,N,서대문구,37.5806854,126.9364634
194,(주)안국에너지 삼보셀프주유소,서울 서대문구 연희로 78 (연희동),SK에너지,1638,1458,Y,Y,N,Y,N,N,서대문구,37.5650007,126.9299305
195,행촌제2주유소,서울 서대문구 성산로 490 (대신동),SK에너지,1675,1445,Y,Y,N,N,Y,Y,서대문구,37.5642199,126.9443096
196,만남의광장주유소,서울 서초구 양재대로12길 73-71,알뜰(ex),1528,1347,Y,N,Y,N,Y,Y,서초구,37.4600837,127.0421686
197,양재최고주유소,서울 서초구 매헌로 72 (양재동),S-OIL,1585,1425,N,Y,N,N,N,N,서초구,37.4671577,127.034715
198,서초하이웨이 주유소,서울 서초구 양재대로2길 100-30,S-OIL,1597,1457,Y,Y,N,N,N,Y,서초구,37.4572952,127.0162141
199,극동유화(주) 전당앞주유소,서울 서초구 남부순환로 2391 (서초동),S-OIL,1615,1515,Y,Y,Y,Y,N,N,서초구,37.4805543,127.0118209
200,태봉셀프주유소,서울 서초구 태봉로 117 (우면동),SK에너지,1615,1497,Y,Y,N,Y,N,N,서초구,37.4682757,127.028177
201,(주)대농석유 남태령주유소,서울 서초구 과천대로 838 (방배동),SK에너지,1615,1465,Y,Y,N,N,N,N,서초구,37.4668958,126.9878319
202,대성석유(주)연일주유소,서울 서초구 남부순환로 2451,GS칼텍스,1616,1519,N,Y,N,N,Y,N,서초구,37.4825868,127.0185128
203,신반포주유소,서울 서초구 사평대로 94 (반포동),SK에너지,1616,1526,Y,Y,N,N,N,Y,서초구,37.498395,126.9948073
204,에쓰오일(주)직영 오토테크주유소,서울특별시 서초구  효령로 356 (서초동),S-OIL,1619,1519,Y,Y,N,Y,N,N,서초구,37.4864808,127.0228591
205,HD현대오일뱅크㈜직영 사평로주유소,서울 서초구 사평대로 350 (서초동),HD현대오일뱅크,1623,1537,N,Y,N,N,N,N,서초구,37.5033026,127.0215211
206,양재주유소,서울 서초구 바우뫼로 178,SK에너지,1624,1549,N,Y,N,N,N,Y,서초구,37.47808850000001,127.0395922
207,에너지플러스허브 삼방주유소,서울 서초구 사평대로 364 (서초동),GS칼텍스,1628,1574,Y,Y,N,N,N,Y,서초구,37.5037123,127.0230958
208,반포그린주유소,서울 서초구 서초중앙로 239 (반포동),GS칼텍스,1628,1574,Y,Y,N,N,N,N,서초구,37.5032325,127.0108559
209,지에스칼텍스(주)선천주유소,서울 서초구 동작대로 206 (방배동),GS칼텍스,1634,1523,N,Y,N,N,N,N,서초구,37.4949425,126.9832056
210,HD현대오일뱅크㈜직영 팔레스주유소,서울 서초구 사평대로 136 (반포동),HD현대오일뱅크,1637,1547,N,N,N,N,N,Y,서초구,37.50013939999999,126.9991833
211,HD현대오일뱅크㈜직영 양재현대주유소,서울 서초구 마방로 6,HD현대오일뱅크,1639,1569,N,Y,N,N,N,N,서초구,37.4735721,127.0397039
212,지에스칼텍스(주)남서울주유소,서울 서초구 나루터로 83 (잠원동),GS칼텍스,1644,1604,N,Y,N,N,Y,Y,서초구,37.5161567,127.0189145
213,HD현대오일뱅크㈜직영 서초제일주유소,서울 서초구 사임당로 116 (서초동),HD현대오일뱅크,1649,1584,N,Y,N,N,N,N,서초구,37.4905573,127.0226052
214,HD현대오일뱅크㈜직영 방배현대주유소,서울 서초구 동작대로 182 (방배동),HD현대오일뱅크,1669,1563,N,Y,N,Y,N,N,서초구,37.4928547,126.9831829
215,대신석유(주)대우주유소,서울 서초구 양재대로 173 (양재동),SK에너지,1679,1517,Y,Y,N,N,Y,Y,서초구,37.4628309,127.0375576
216,대성산업(주)직영 터미널(고속)주유소,서울 서초구 신반포로 222 (반포동),GS칼텍스,1699,1589,N,Y,N,N,N,Y,서초구,37.5067688,127.0088214
217,방배동주유소,서울 서초구 효령로 29 (방배동),SK에너지,1793,1696,N,Y,N,N,N,N,서초구,37.4781026,126.9877681
218,대신석유㈜서원주유소,서울 서초구 반포대로 142 (서초동),SK에너지,1958,1858,N,Y,N,N,N,N,서초구,37.4928016,127.0075873
219,(주)선문에너지 중앙주유소,서울특별시 서초구  바우뫼로 219 (양재1동),S-OIL,1989,1958,N,Y,N,N,N,N,서초구,37.4815514,127.0422343
220,(주)서울에너지 직영,서울 성동구 천호대로 324 (용답동),S-OIL,1585,1395,Y,Y,N,N,N,Y,성동구,37.56426070000001,127.055685
221,HD현대오일뱅크㈜직영 성동셀프주유소,서울 성동구 마장로 311 (마장동),HD현대오일뱅크,1585,1405,Y,Y,N,N,N,N,성동구,37.5670144,127.0437272
222,지에스칼텍스㈜ 도루코주유소,서울 성동구 아차산로 180,GS칼텍스,1599,1429,Y,Y,N,Y,N,Y,성동구,37.5420525,127.0634301
223,HD현대오일뱅크㈜직영 효진주유소,서울 성동구 동일로 129,HD현대오일뱅크,1627,1479,N,Y,N,N,N,N,성동구,37.54407130000001,127.0647101
224,SK에너지(주) 군자동주유소,서울 성동구 천호대로 446 (용답동),SK에너지,1655,1485,N,Y,N,N,N,Y,성동구,37.56055500000001,127.0683433
225,삼우주유소,서울 성동구 천호대로 392,SK에너지,1693,1515,N,Y,N,N,N,N,성동구,37.5614303,127.0623272
226,SK KH에너지 성수만세주유소,서울 성동구 왕십리로 109,SK에너지,1718,1618,Y,Y,N,Y,Y,N,성동구,37.5475346,127.0442557
227,SK에너지(주) 성수주유소,서울 성동구 뚝섬로 352 (성수동1가),SK에너지,1734,1634,N,Y,N,N,N,N,성동구,37.5399634,127.049938
228,SK세원2주유소,서울 성동구 광나루로 184 (성수동1가),SK에너지,1750,1625,N,Y,N,Y,N,N,성동구,37.5509095,127.0505002
229,동일주유소,서울 성동구 광나루로 254 (성수동2가),HD현대오일뱅크,1933,1743,N,Y,N,N,N,N,성동구,37.548454,127.0578468
230,청계로주유소,서울 성동구 청계천로 454 (하왕십리동),SK에너지,1998,1897,N,Y,N,N,N,N,성동구,37.5700973,127.0274044
231,이케이에너지(주) 강산제2주유소,서울 성북구 보국문로 52,HD현대오일뱅크,1559,1379,Y,Y,N,N,N,N,성북구,37.609185,127.0100314
232,(주)삼표에너지 정릉주유소,서울 성북구 보국문로 35 (정릉동),GS칼텍스,1559,1379,Y,Y,N,Y,N,N,성북구,37.6076426,127.0099487
233,장삼 쌍둥이 주유소,서울 성북구 한천로 612 (장위동),HD현대오일뱅크,1565,1375,Y,Y,N,N,Y,N,성북구,37.6136043,127.0602993
234,지에스칼텍스(주) 종암주유소,서울 성북구 종암로 145 (종암동),GS칼텍스,1570,1390,Y,Y,N,N,N,Y,성북구,37.6027636,127.0320634
235,(주)성북주유소,서울 성북구 보문로 142,HD현대오일뱅크,1579,1399,Y,Y,N,N,N,N,성북구,37.58757749999999,127.018447
236,이케이에너지㈜ 강산주유소,서울 성북구 보문로 27 (보문동7가),GS칼텍스,1579,1399,Y,Y,N,N,N,Y,성북구,37.5797789,127.0223627
237,우리주유소,서울 성북구 화랑로 292,SK에너지,1584,1395,Y,Y,N,Y,N,Y,성북구,37.6126118,127.0614248
238,HD현대오일뱅크㈜직영 고대셀프주유소,서울 성북구 종암로 12 (종암동),HD현대오일뱅크,1585,1415,Y,Y,N,N,N,N,성북구,37.5916521,127.0366717
239,HD현대오일뱅크㈜직영 북악셀프주유소,서울 성북구 정릉로 218 (정릉동),HD현대오일뱅크,1589,1405,Y,Y,N,N,N,N,성북구,37.6055001,127.0085818
240,중앙에너비스 종암지점,서울 성북구 종암로 58,SK에너지,1595,1395,Y,Y,N,N,N,Y,성북구,37.5956086,127.0360473
241,㈜명연에너지 효성주유소,서울 성북구 화랑로 27,GS칼텍스,1595,1485,Y,Y,N,Y,N,Y,성북구,37.6031281,127.0351726
242,장위주유소,서울 성북구 화랑로 110 (하월곡동),S-OIL,1605,1415,Y,Y,N,N,N,Y,성북구,37.6046451,127.0393912
243,동일주유소,서울특별시 성북구  보문로 85 (보문동5가),S-OIL,1605,1495,Y,Y,N,N,N,Y,성북구,37.58270419999999,127.0191918
244,(주)신용 구도일주유소화랑로,서울 성북구 화랑로 174,S-OIL,1613,1423,Y,Y,N,Y,N,N,성북구,37.6068678,127.0500641
245,HD현대오일뱅크㈜직영 아리랑주유소,서울 성북구 아리랑로 96 (정릉동),HD현대오일뱅크,1627,1495,N,Y,N,N,N,N,성북구,37.600488,127.0142664
246,삼선주유소,서울 성북구 창경궁로 324,S-OIL,1695,1455,Y,Y,N,N,N,N,성북구,37.5879888,127.005574
247,위례드림주유소,서울시 송파구  위례중앙로 10,S-OIL,1563,1454,Y,Y,N,N,N,Y,송파구,37.4754274,127.1284707
248,지에스칼텍스(주)가든파이브주유소,서울 송파구 탄천동로 740,GS칼텍스,1563,1454,Y,Y,N,N,Y,Y,송파구,37.4972962,127.0892473
249,지에스칼텍스(주)스마트위례주유소,서울 송파구 위례중앙로 43 (장지동),GS칼텍스,1563,1454,Y,Y,N,N,N,N,송파구,37.4754161,127.1321545
250,남성대주유소,서울 송파구 송파대로 52 (장지동),SK에너지,1563,1454,Y,Y,N,Y,N,Y,송파구,37.4753841,127.1275855
251,위례제일주유소,서울 송파구 위례서로 260,S-OIL,1563,1454,Y,Y,N,N,N,N,송파구,37.4878153,127.1426953
252,(주)삼표에너지 아시아주유소,서울 송파구 도곡로 438 (잠실동),GS칼텍스,1567,1457,Y,Y,N,N,N,N,송파구,37.5045958,127.0773693
253,HD현대오일뱅크㈜직영 잠실셀프주유소,서울 송파구 송파대로 397 (석촌동),HD현대오일뱅크,1567,1467,Y,N,N,N,N,Y,송파구,37.5027277,127.108967
254,한강에너지(주)퍼스트주유소,서울 송파구 삼학사로 22 (석촌동),SK에너지,1567,1435,Y,Y,N,Y,N,N,송파구,37.4993144,127.0970662
255,(주)잠실에너지,서울 송파구 송파대로 442 (송파동),S-OIL,1567,1457,Y,Y,N,Y,N,Y,송파구,37.5051072,127.1135469
256,삼화주유소,서울 송파구 백제고분로 125,GS칼텍스,1567,1457,Y,N,N,N,N,Y,송파구,37.5065882,127.0810065
257,(주)삼표에너지 우리주유소,서울 송파구 동남로 153,GS칼텍스,1573,1464,Y,Y,N,N,N,N,송파구,37.49238570000001,127.1273583
258,상아주유소,서울 송파구 거마로 82,S-OIL,1573,1464,Y,Y,N,N,N,N,송파구,37.500202,127.1478703
259,지에스이앤알 직영 송파제일주유소,서울 송파구 삼학사로 50 (석촌동),HD현대오일뱅크,1575,1455,Y,Y,N,Y,N,Y,송파구,37.5016713,127.0973336
260,(주)삼표에너지 훼미리주유소,서울 송파구 중대로 58 (문정동),GS칼텍스,1579,1475,N,Y,N,N,N,N,송파구,37.4912353,127.1153533
261,대성주유소,서울 송파구 마천로 230 (마천동),SK에너지,1588,1458,N,Y,N,N,N,N,송파구,37.500054,127.1431473
262,(주)신화에너지 서울지점,서울 송파구 가락로 47 (석촌동),SK에너지,1596,1479,Y,Y,N,Y,N,Y,송파구,37.4994902,127.1017419
263,(주)유진주유소,서울 송파구 동남로 325 (오금동),SK에너지,1596,1464,N,Y,N,N,N,N,송파구,37.5045778,127.1384385
264,(주)정직한주유소,서울 송파구 오금로 455 (거여동),HD현대오일뱅크,1597,1487,Y,Y,N,N,N,N,송파구,37.4897279,127.1449912
265,대성석유(주)석촌주유소,서울 송파구 백제고분로 289,GS칼텍스,1597,1497,N,N,N,Y,N,N,송파구,37.5028242,127.0985725
266,제트라인DM주유소,서울 송파구 중대로 183 (가락동),HD현대오일뱅크,1599,1478,N,N,N,Y,N,N,송파구,37.4985047,127.125431
267,완불주유소,서울 송파구 송파대로 3 (장지동),SK에너지,1609,1483,Y,Y,N,N,N,Y,송파구,37.4711097,127.1261708
268,방이주유소,서울 송파구 위례성대로12길 38 (방이동),SK에너지,1624,1489,N,Y,N,Y,N,N,송파구,37.5106744,127.1208223
269,백제고분로주유소,서울 송파구 오금로 143 (방이동),SK에너지,1624,1489,Y,Y,N,Y,Y,Y,송파구,37.5122326,127.1168766
270,송파주유소,서울 송파구 송이로 28 (송파동),GS칼텍스,1625,1495,Y,N,N,Y,N,N,송파구,37.5088494,127.1064009
271,HD현대오일뱅크㈜직영 올림픽셀프주유소,서울 송파구 위례성대로 188 (오금동),HD현대오일뱅크,1646,1557,Y,Y,N,Y,Y,Y,송파구,37.509825,127.131607
272,(주)뉴명성산업 남성주유소,서울 송파구 백제고분로 474 (방이동),HD현대오일뱅크,1697,1597,N,Y,N,N,N,N,송파구,37.5125917,127.1139709
273,대신석유(주)진양주유소,서울 송파구 올림픽로 499 (풍납동),SK에너지,1858,1758,N,Y,N,N,N,N,송파구,37.5336683,127.1206178
274,지에스칼텍스㈜ 건지주유소,서울 양천구 안양천로 1171 (목동),GS칼텍스,1559,1407,Y,Y,N,N,N,N,양천구,37.5453243,126.8821112
275,현대주유소,서울 양천구 남부순환로 372 (신월동),S-OIL,1569,1379,Y,Y,N,N,N,N,양천구,37.5338727,126.8292625
276,플라트(주)서호주유소,서울 양천구 남부순환로 317,GS칼텍스,1569,1379,Y,Y,N,Y,N,N,양천구,37.5386609,126.8268367
277,지에스이앤알 직영 서울주유소,서울 양천구 신정로 236 (신정동),GS칼텍스,1575,1399,Y,Y,N,N,N,N,양천구,37.510561,126.8476971
278,개나리Self주유소,서울 양천구 남부순환로 442 (신월동),SK에너지,1578,1389,Y,Y,N,Y,N,N,양천구,37.5282825,126.8329476
279,양천구주유소,서울 양천구 국회대로 275 (목동),알뜰주유소,1578,1389,Y,Y,N,Y,N,Y,양천구,37.5303149,126.8655168
280,가로공원주유소,서울 양천구 가로공원로 165 (신월동),SK에너지,1578,1389,N,Y,N,N,N,Y,양천구,37.5370157,126.8342852
281,(주)삼표에너지 목동주유소,서울 양천구 목동서로 129 (목동),GS칼텍스,1579,1407,Y,Y,N,N,N,N,양천구,37.5321651,126.8755188
282,형산석유(주)원주유소,서울 양천구 남부순환로 408,HD현대오일뱅크,1579,1389,N,Y,N,Y,N,N,양천구,37.53113889999999,126.8309818
283,현대오일뱅크(주)직영 양천현대셀프주유소,서울 양천구 안양천로 1179 (목동),HD현대오일뱅크,1579,1427,Y,Y,Y,Y,Y,Y,양천구,37.5459778,126.8813541
284,목동주유소,서울 양천구 목동중앙로 125 (목동),SK에너지,1598,1417,Y,Y,N,N,N,N,양천구,37.5396159,126.8745755
285,SK에너지(주) 경인주유소,서울 양천구 국회대로 170 (신정동),SK에너지,1622,1474,Y,Y,N,N,N,N,양천구,37.5281554,126.8538235
286,SK에너지(주) 신평,서울 양천구 목동남로 62,SK에너지,1622,1472,N,Y,N,Y,N,N,양천구,37.5093842,126.866217
287,신정동주유소,서울 양천구 안양천로 663 (신정동),HD현대오일뱅크,1627,1437,Y,Y,N,N,Y,N,양천구,37.5065537,126.8711542
288,현대오일뱅크(주)직영 양천셀프주유소,서울 양천구 목동로 17,HD현대오일뱅크,1637,1467,Y,Y,N,N,N,N,양천구,37.5106675,126.8710352
289,(주)서부트럭터미날,서울 양천구 신정로 167 (신정동),HD현대오일뱅크,1639,1449,N,Y,N,N,N,Y,양천구,37.5094872,126.8392408
290,삼미상사(주)신월IC셀프주유소,서울 양천구 중앙로 331 (신월동),SK에너지,1644,1474,Y,N,N,Y,N,N,양천구,37.5255016,126.8497956
291,현대오일뱅크(주)직영 남부순환셀프주유소,서울 양천구 남부순환로 553 (신월동),HD현대오일뱅크,1647,1448,Y,Y,N,N,Y,Y,양천구,37.5194921,126.8388027
292,현대오일뱅크(주)직영 신목동셀프주유소,서울 양천구 목동동로10길 13,HD현대오일뱅크,1648,1549,Y,Y,N,Y,N,N,양천구,37.5195788,126.8710739
293,신양주유소,서울 양천구 지양로 67,SK에너지,1729,1564,N,Y,N,N,N,N,양천구,37.5215246,126.8338425
294,도림주유소,서울 영등포구 도림로 343 (도림동),알뜰주유소,1559,1369,Y,N,N,Y,N,N,영등포구,37.5077607,126.9002361
295,지에스칼텍스㈜ 신길주유소,서울 영등포구 신길로 74 (신길동),GS칼텍스,1565,1380,Y,Y,N,N,N,Y,영등포구,37.4990517,126.9087328
296,성락주유소,서울 영등포구 가마산로 414 (신길동),S-OIL,1569,1389,Y,Y,N,N,N,N,영등포구,37.503825,126.902869
297,영등포제일셀프주유소,서울 영등포구 가마산로 379,HD현대오일뱅크,1569,1389,Y,Y,N,Y,N,N,영등포구,37.5023476,126.8995031
298,(주)대청에너지 대청주유소,서울 영등포구 가마산로 328 (대림동),GS칼텍스,1569,1389,Y,Y,N,Y,N,Y,영등포구,37.4985472,126.895759
299,(주)지에스이앤알 보라주유소,서울 영등포구 영등포로 399 (신길동),GS칼텍스,1585,1405,N,Y,N,N,N,N,영등포구,37.5135359,126.9227357
300,㈜지에스이앤알 모드니주유소,서울 영등포구 경인로 789,GS칼텍스,1585,1405,N,Y,N,N,N,N,영등포구,37.5146455,126.9007596
301,(주)강서오일,서울 영등포구 도신로 151,HD현대오일뱅크,1589,1399,N,N,N,N,N,Y,영등포구,37.5100219,126.908238
302,매봉주유소,서울 영등포구 도신로 248 (신길동),HD현대오일뱅크,1595,1425,Y,Y,N,Y,N,N,영등포구,37.51308849999999,126.9183345
303,(주)MS에너지,서울 영등포구 대림로 230,HD현대오일뱅크,1599,1399,N,Y,N,N,N,N,영등포구,37.5013367,126.8974358
304,행촌주유소,서울 영등포구 도신로 130 (신길동),SK에너지,1599,1399,Y,Y,N,N,Y,Y,영등포구,37.5086161,126.9062365
305,남서울고속주유소,서울 영등포구 가마산로 367 (대림동),SK에너지,1599,1399,Y,Y,N,N,N,Y,영등포구,37.5016028,126.8988662
306,한경석유(주)경덕주유소,서울 영등포구 여의대방로23길 2 (신길동),SK에너지,1599,1399,Y,Y,N,N,N,N,영등포구,37.5176968,126.9169974
307,SK에너지(주) 신길동주유소,서울 영등포구 영등포로 348 (신길동),SK에너지,1614,1439,N,Y,N,N,N,N,영등포구,37.5153215,126.9170112
308,(주)한미석유 제2한강주유소,서울 영등포구 선유로 260 (양평동4가),GS칼텍스,1619,1459,Y,Y,N,N,N,N,영등포구,37.5375352,126.8970104
309,SK에너지(주) 양평주유소,서울 영등포구 선유로 195 (양평동3가),SK에너지,1619,1459,Y,Y,N,N,N,Y,영등포구,37.5290356,126.8910476
310,선유도주유소,서울 영등포구 양평로 141 (양평동5가),S-OIL,1619,1469,Y,Y,N,N,N,N,영등포구,37.5393663,126.8926449
311,SK에너지(주) 기린주유소,서울 영등포구 선유로 270,SK에너지,1639,1479,Y,Y,N,N,Y,Y,영등포구,37.5360437,126.899268
312,국회대로주유소,서울 영등포구 국회대로 746 (여의도동),HD현대오일뱅크,1895,1793,N,Y,N,N,N,N,영등포구,37.52799359999999,126.916041
313,버드나룻길주유소,서울 영등포구 버드나루로 111 (당산동),SK에너지,2050,1840,N,Y,N,N,N,N,영등포구,37.5280177,126.9078708
314,SK KH에너지 여의도주유소,서울 영등포구 국회대로 794 (여의도동),SK에너지,2110,2099,N,Y,N,N,N,N,영등포구,37.5307944,126.9203901
315,SJ오일(주) 여의도주유소,서울 영등포구 은행로 64,GS칼텍스,2199,2360,N,Y,Y,N,Y,Y,영등포구,37.53037990000001,126.9255782
316,HD현대오일뱅크㈜직영 한남동주유소,서울 용산구 한남대로 204 (한남동),HD현대오일뱅크,1848,1748,N,Y,N,Y,N,N,용산구,37.5459695,127.0028749
317,(주)영원 풍기주유소,서울 용산구 원효로 178 (원효로2가),GS칼텍스,1998,1888,N,N,N,N,Y,N,용산구,37.5356171,126.9627002
318,동자동주유소,서울 용산구 한강대로104길 6 (동자동),SK에너지,2005,1910,N,Y,N,N,N,N,용산구,37.5527936,126.9747968
319,HD현대오일뱅크㈜직영 갈월동주유소,서울특별시 용산구  한강대로 322 (남영동),HD현대오일뱅크,2025,1930,N,Y,N,Y,N,N,용산구,37.5470375,126.9722357
320,HD현대오일뱅크㈜직영 강변현대주유소,서울 용산구 원효로 9 (청암동),HD현대오일뱅크,2029,1949,N,Y,N,Y,N,N,용산구,37.53449570000001,126.9466634
321,HD현대오일뱅크(주)직영 소월길주유소,서울 용산구 소월로 66 (후암동),HD현대오일뱅크,2029,1939,N,Y,N,N,N,N,용산구,37.5505845,126.9769958
322,(주)남경주유소,서울 용산구 녹사평대로11길 24,SK에너지,2045,1941,N,Y,N,Y,N,Y,용산구,37.522633,126.9931266
323,(주)신태성주유소,서울 용산구 원효로 147 (원효로3가),SK에너지,2050,1930,N,Y,N,N,N,N,용산구,37.5337268,126.9561284
324,에너비스,서울 용산구 한남대로 82 (한남동),SK에너지,2247,2147,N,Y,N,N,N,N,용산구,37.5360412,127.0061276
325,한석주유소,서울 용산구 이촌로 164,SK에너지,2254,2080,N,Y,N,N,N,Y,용산구,37.5213901,126.965557
326,서계주유소,서울 용산구  청파로 367 (청파동),GS칼텍스,2615,2599,N,Y,N,N,N,N,용산구,37.5523286,126.9689462
327,(주)디오티디 은평유니콘주유소,서울 은평구 통일로 1151 (진관동),HD현대오일뱅크,1534,1344,N,Y,N,N,N,N,은평구,37.6432264,126.9200074
328,타이거주유소,서울 은평구 수색로 188 (증산동),SK에너지,1544,1424,Y,Y,N,N,N,N,은평구,37.5851478,126.9041521
329,불광주유소,서울 은평구 연서로 314 (불광동),HD현대오일뱅크,1547,1397,Y,Y,N,N,N,N,은평구,37.6203973,126.9237684
330,지에스칼텍스(주)수색뉴타운주유소,서울 은평구 수색로 350 (수색동),GS칼텍스,1549,1444,Y,Y,N,N,N,N,은평구,37.5871708,126.8875393
331,지에스칼텍스㈜ 신사제일주유소,서울 은평구 증산로 423 (신사동),GS칼텍스,1559,1444,Y,Y,N,N,N,Y,은평구,37.595613,126.9072033
332,지에스칼텍스㈜ 서부주유소,서울 은평구 응암로 210 (응암동),GS칼텍스,1559,1454,Y,Y,N,Y,N,Y,은평구,37.5907918,126.9178076
333,(주)명연에너지 수색훼미리주유소,서울 은평구 수색로 236 (수색동),HD현대오일뱅크,1575,1465,Y,Y,N,N,N,N,은평구,37.5810937,126.8977068
334,박석고개주유소,서울 은평구 통일로 945 (갈현동),SK에너지,1578,1438,Y,Y,N,N,N,Y,은평구,37.621541,126.913578
335,은평뉴타운주유소,서울 은평구 통일로 924 (불광동),SK에너지,1578,1438,Y,Y,N,Y,N,N,은평구,37.6252977,126.9204031
336,지에스칼텍스㈜ 녹번주유소,서울 은평구 통일로 600 (녹번동),GS칼텍스,1589,1474,Y,Y,N,N,N,N,은평구,37.6005247,126.9363343
337,성원이앤에스(주)은평지점,서울 은평구 통일로 968 (진관동),GS칼텍스,1597,1458,Y,Y,N,N,N,N,은평구,37.629232,126.919704
338,대성산업㈜ 대성주유소,서울 은평구 통일로 642,GS칼텍스,1619,1449,Y,Y,N,N,N,Y,은평구,37.6040651,126.9352558
339,코끼리주유소,서울 은평구 서오릉로 41 (녹번동),자가상표,1688,1538,N,Y,N,N,N,N,은평구,37.6032738,126.9294193
340,㈜지에스이앤알 평창주유소,서울 종로구 평창문화로 135 (평창동),HD현대오일뱅크,1694,1564,Y,Y,N,N,N,N,종로구,37.6097352,126.974513
341,자하문주유소,서울 종로구 자하문로 248 (부암동),SK에너지,1699,1539,Y,Y,N,N,N,N,종로구,37.592748,126.9664018
342,안풍주유소,서울 종로구 자하문로 303,S-OIL,1699,1539,N,Y,N,N,N,N,종로구,37.5992064,126.9591445
343,구도일주유소특종,서울 종로구 평창문화로 90 (평창동),S-OIL,1730,1540,N,Y,N,N,N,N,종로구,37.6066898,126.9710988
344,SK북악주유소,서울 종로구 평창문화로 137,SK에너지,2198,1998,N,Y,N,N,N,N,종로구,37.6098636,126.9748982
345,세화주유소,서울 중구 왕십리로 403,알뜰주유소,1668,1498,N,Y,N,Y,N,Y,중구,37.5647309,127.0255275
346,장충드림주유소,서울 중구 동호로 296,S-OIL,1685,1545,Y,Y,N,N,N,N,중구,37.5608503,127.0034182
347,장충주유소,서울 중구 장충단로 202 (장충동1가),SK에너지,1938,1798,N,Y,N,N,N,Y,중구,37.5609763,127.0075809
348,신당동주유소,서울 중구 다산로 242 (신당동),SK에너지,1998,1898,N,Y,N,N,N,Y,중구,37.5646022,127.01641
349,약수주유소,서울 중구 다산로 173,GS칼텍스,2266,2097,N,Y,N,Y,N,Y,중구,37.5590258,127.0126614
350,필동주유소,서울 중구 퇴계로 196 (필동2가),GS칼텍스,2389,2289,N,N,N,N,N,Y,중구,37.5587734,126.9947209
351,서남주유소,서울 중구 통일로 30,SK에너지,2625,2509,N,Y,N,N,N,Y,중구,37.5583749,126.9720939
352,오천만주유소,서울 중랑구 동일로 547 (면목동),S-OIL,1577,1397,Y,Y,N,N,N,N,중랑구,37.5791224,127.0793311
353,대원주유소,서울 중랑구 동일로 600,GS칼텍스,1579,1399,Y,Y,N,N,N,N,중랑구,37.5840333,127.0801082
354,면목SELF주유소,서울 중랑구 동일로 627 (면목동),SK에너지,1579,1399,Y,Y,N,Y,N,N,중랑구,37.5863498,127.0795885
355,우림주유소,서울 중랑구 용마산로 487 (망우제3동),GS칼텍스,1585,1395,Y,Y,N,N,N,N,중랑구,37.5923318,127.0991054
356,대양주유소,서울 중랑구 봉우재로 105 (상봉동),GS칼텍스,1587,1397,Y,Y,N,N,N,N,중랑구,37.5925921,127.0848788
357,신내주유소,서울 중랑구 용마산로 705 (신내동),SK에너지,1593,1398,Y,Y,N,N,N,N,중랑구,37.617125,127.0958962
358,용마로주유소,서울 중랑구 용마산로 309 (면목동),SK에너지,1598,1398,Y,Y,N,N,N,N,중랑구,37.5798777,127.0921819
359,신일셀프주유소,서울 중랑구 상봉로 58 (망우동),SK에너지,1599,1498,Y,Y,N,Y,N,Y,중랑구,37.5909419,127.0938066
360,구도일주유소 동천,서울 중랑구 동일로 654 (면목동),S-OIL,1599,1399,Y,Y,N,N,N,N,중랑구,37.5890734,127.0802447
361,(주)태영 구도일주유소 한인,서울 중랑구 망우로 170 (상봉동),S-OIL,1615,1425,Y,Y,N,Y,N,N,중랑구,37.5924655,127.071908
362,범아주유소,서울 중랑구 동일로 881 (묵동),S-OIL,1669,1499,N,Y,N,Y,N,N,중랑구,37.6093111,127.0776725
